file,num_points,bucket_sort_time,merge_sort_time
points_10.csv,10,0.19017982482910156,0.7232258319854736
points_100.csv,100,0.19017982482910156,0.7232258319854736
points_1000.csv,1000,0.19017982482910156,0.7232258319854736
points_100000.csv,100000,0.19017982482910156,0.7232258319854736
